{"main":"american-flights-api-support-session.raml","name":"American Flights API - Support Session","organizationId":"4d52eb3a-23d5-4c6f-a016-e94f384dc432","groupId":"4d52eb3a-23d5-4c6f-a016-e94f384dc432","assetId":"american-flights-api-support-session","version":"1.0.2","metadata":{"branchId":"master","commitId":"68f2768f977c9594a79eff9f3556ae7d6f8e1189","projectId":"75260cd0-598d-43ea-8ca4-fa94b00b13ad"},"apiVersion":"v1","classifier":"raml","dependencies":[{"assetId":"training-american-flight-data-type","groupId":"68ef9520-24e9-4cf2-b2f5-620025690913","version":"1.0.1"},{"assetId":"training-american-flights-example","groupId":"68ef9520-24e9-4cf2-b2f5-620025690913","version":"1.0.1"}],"tags":[],"originalFormatVersion":"1.0"}